name,title,company_filter,role_filter,profile_url
Diego Granados,Product Manager AI&ML - Google,Google,Product Manager,https://www.linkedin.com/in/diegogranadosh
Michael Y.,Product Manager - Google,Google,Product Manager,https://www.linkedin.com/in/michaelyit
Stafford Marquardt,Product Manager - Google,Google,Product Manager,https://www.linkedin.com/in/staffordmarquardt
Juston Payne,Director of Product Management - Google,Google,Product Manager,https://www.linkedin.com/in/justonpayne
Joe Malone,Product Manager - Google,Google,Product Manager,https://www.linkedin.com/in/joe-malone-84745325
Julia L.,Product Manager - Google,Google,Product Manager,https://www.linkedin.com/in/julialomakina
Christiaan Brand,Google,Google,Product Manager,https://www.linkedin.com/in/christiaan-brand-57373a5
Nick Kim Sexton,"Senior Product Manager, Google Chrome",Google,Product Manager,https://www.linkedin.com/in/nicksxtn
Zach Yeskel,VP Product Management - Stealth startup,Google,Product Manager,https://www.linkedin.com/in/zachyeskel
Chris Savƒçak,Group Product Manager - Google,Google,Product Manager,https://www.linkedin.com/in/chris-sav%C4%8Dak-19645a6
Yingqun Christina Cao,Product Manager - Google,Google,Product Manager,https://www.linkedin.com/in/yingqun-christina-cao-87143419
Liz Lee,Product Manager - Google,Google,Product Manager,https://www.linkedin.com/in/slizlee
Yang (Olivia) Zhao,Group Product Manager - Google,Google,Product Manager,https://www.linkedin.com/in/olivia-yang-zhao
Kyle Kelly,Senior Product Manager at Google,Google,Product Manager,https://www.linkedin.com/in/kylelkelly
Dominique M.,"Product Manager, GenAI for Shopping",Google,Product Manager,https://www.linkedin.com/in/dominiquemcgowan
Marta Garc√≠a Ferreiro,Product Manager - Google,Google,Product Manager,https://www.linkedin.com/in/marta-garcia-ferreiro
Vanessa Pei,Associate Product Manager - Google,Google,Product Manager,https://www.linkedin.com/in/vanessa-pei-94665b192
John Park,Senior Product Manager - Google,Google,Product Manager,https://www.linkedin.com/in/johnpark4
Jason Stephen,Product Manager - Google DeepMind,Google,Product Manager,https://www.linkedin.com/in/jasonstephen15
Bryan Horowitz,Product Manager - Google Earth,Google,Product Manager,https://www.linkedin.com/in/bryan-horowitz
Dina Weisberger,Product Manager - Google,Google,Product Manager,https://www.linkedin.com/in/dinaweisberger
Thomas Han,Product Manager - Google,Google,Product Manager,https://www.linkedin.com/in/than17
Kristen Richards,Group Product Manager - Google,Google,Product Manager,https://www.linkedin.com/in/kljohnson5
Shreya Ahuja,Product Manager - Google,Google,Product Manager,https://www.linkedin.com/in/shreya-ahuja-2466938a
Matt Burkhardt,Product Manager - Google,Google,Product Manager,https://www.linkedin.com/in/matthwburkhardt
Koji Alguacil,Product Manager - Google,Google,Product Manager,https://www.linkedin.com/in/koji-alguacil
Vishal Jain,"Group Product Manager, Google Ads",Google,Product Manager,https://www.linkedin.com/in/veesh
Michael Smart,Product Manager - Google,Google,Product Manager,https://www.linkedin.com/in/msmart44
Ashish Shah,Product Lead - Google Health,Google,Product Manager,https://www.linkedin.com/in/ashish-a-shah
Matthew Wee,Senior Product Manager - Google,Google,Product Manager,https://www.linkedin.com/in/mattwee
Ed Tan,Product Manager - Google,Google,Product Manager,https://www.linkedin.com/in/ed-tan-29336853
Saska Albright,Product Manager - Google,Google,Product Manager,https://www.linkedin.com/in/saska-albright
Jake Fisher,Product Manager - Google,Google,Product Manager,https://www.linkedin.com/in/jakeifisher
Tim Benjamin,Product Manager - Google,Google,Product Manager,https://www.linkedin.com/in/tibenjamin
Marilyn Zhang,Product Manager - Google,Google,Product Manager,https://www.linkedin.com/in/marilynmzhang
Sachin Agarwal ü§ôüèΩ,Group Product Manager - Google,Google,Product Manager,https://www.linkedin.com/in/sophieagarwal
Shengfu Wang,Senior Product Manager - Google,Google,Product Manager,https://www.linkedin.com/in/shengfu-wang
Peter Blum,Group Product Manager - Google,Google,Product Manager,https://www.linkedin.com/in/peteralanblum
Steren Giannini,Google,Google,Product Manager,https://www.linkedin.com/in/steren
Deven Tokuno,"Senior Product Manager, Google Deepmind",Google,Product Manager,https://www.linkedin.com/in/deventokuno
Caity White,"Senior Product Manager, Pixel Watch - Google",Google,Product Manager,https://www.linkedin.com/in/caitywhite
Simon Tokumine,Director of Product Management - Google,Google,Product Manager,https://www.linkedin.com/in/tokumine
Heba Ansari,Product Manager - G1 & Google Photos,Google,Product Manager,https://www.linkedin.com/in/heba-ansari
Cecilia Abadie,"Senior Product Manager, Google ...",Google,Product Manager,https://www.linkedin.com/in/cecinow
Krishna Kumar,Product Manager - Google,Google,Product Manager,https://www.linkedin.com/in/krishna-kumar-59a09718
Dan Vallejo,Group Product Manager @ Google,Google,Product Manager,https://www.linkedin.com/in/danvallejo
Oliver Chiang,"San Francisco, California, United States",Google,Product Manager,https://www.linkedin.com/in/oliverjchiang
Brianne Mirecki,Senior Product Manager - Google,Google,Product Manager,https://www.linkedin.com/in/brianne-mirecki-03613970
Kathy K.,Google,Google,Product Manager,https://www.linkedin.com/in/kathleensimpson
Steven Vargas,"Senior Product Manager, Google Travel",Google,Product Manager,https://www.linkedin.com/in/stevevargas
Neil Kumaran,"Group Product Manager - Gmail Security, ...",Google,Product Manager,https://www.linkedin.com/in/nkumaran
Anand Iyer,Google,Google,Product Manager,https://www.linkedin.com/in/iyeranandr
Sudhir S.,Google,Google,Product Manager,https://www.linkedin.com/in/sudkish
Lauren Hook,Global Program Manager - Google,Google,Product Manager,https://www.linkedin.com/in/laurenurbanski
Navya Dwarakanath,Product Manager - Google,Google,Product Manager,https://www.linkedin.com/in/navya-dwarakanath-31737ba9
Manisha Gupta,Group Product Manager - Google,Google,Product Manager,https://www.linkedin.com/in/mailerm
Alfonso H.,Product Manager - Google Cloud FinOps,Google,Product Manager,https://www.linkedin.com/in/alfonsohernandez
Jean Choi,"Product Manager, Maps - Google",Google,Product Manager,https://www.linkedin.com/in/jean-choi-837170a1
Andrew Cooper,Product Manager - Google,Google,Product Manager,https://www.linkedin.com/in/andrewcooper5
David Lick,Group Product Manager - Google,Google,Product Manager,https://www.linkedin.com/in/david-lick-10b28a105
Jeffery Hoehl,Product Manager - Google,Google,Product Manager,https://www.linkedin.com/in/jefferyhoehl
Nicholas Huang,Product Manager - Google,Google,Product Manager,https://www.linkedin.com/in/nicholashuangyn
Faisal K.,Product Manager - Google,Google,Product Manager,https://www.linkedin.com/in/faisal-k-5345a319
Jenny Song,Associate Product Manager - Google,Google,Product Manager,https://www.linkedin.com/in/songjenn
Jackie D.,Google,Google,Product Manager,https://www.linkedin.com/in/jackiedejesse
Rachel Teller,"Product Manager (L5), Cybersecurity AI",Google,Product Manager,https://www.linkedin.com/in/rachel-teller
Shree Madhavapeddi,Product Manager - Google,Google,Product Manager,https://www.linkedin.com/in/shreem
Lindsey W.,Associate Product Manager - Google,Google,Product Manager,https://www.linkedin.com/in/lindsey-weiskopf
Alex Lin,Group Product Manager - Google,Google,Product Manager,https://www.linkedin.com/in/alex-lin-60290815
Marcos Grappeggia,Group Product Manager,Google,Product Manager,https://www.linkedin.com/in/grappeggia
Aaron Hersh,Senior Product Manager - Google,Google,Product Manager,https://www.linkedin.com/in/aaron-hersh
Kenny Sulaimon,Product Manager - Google,Google,Product Manager,https://www.linkedin.com/in/ken123103
Kirsten Dean,"Product Manager, Ads Platform Optimization",Google,Product Manager,https://www.linkedin.com/in/kirstendean1
Brian Lin,Product Manager - Google,Google,Product Manager,https://www.linkedin.com/in/brian-lin-49152780
Julia Reichel,Product Manager II - Google,Google,Product Manager,https://www.linkedin.com/in/juliareichel
Katherine L.,Product Manager - Google,Google,Product Manager,https://www.linkedin.com/in/katjlam
Gautham Srinivas,Senior Product Manager - Google,Google,Product Manager,https://www.linkedin.com/in/gauthamsrinivask
Timothy Taylor,Senior Product Manager - Google,Google,Product Manager,https://www.linkedin.com/in/timntaylor
R K,Product Manager - Google,Google,Product Manager,https://www.linkedin.com/in/r-k-19aab1204
David Karam,"Product Manager, Google AI",Google,Product Manager,https://www.linkedin.com/in/davidkaram
Jeanny Haliman,Product Manager - Google,Google,Product Manager,https://www.linkedin.com/in/jeannyhaliman
Ravi J.,Product Manager - Google,Google,Product Manager,https://www.linkedin.com/in/ravi251
Lior Shenkar,Senior Product Manager - Google,Google,Product Manager,https://www.linkedin.com/in/liorshenkar
Subha Hari,Product Manager - Google,Google,Product Manager,https://www.linkedin.com/in/subhahari25
